x,t,h
-1.000000000000000000e+00,0.000000000000000000e+00,1.880160067230463028e-03
-9.797979797979797789e-01,0.000000000000000000e+00,1.187631711363792419e-01
-9.595959595959595578e-01,0.000000000000000000e+00,2.295545786619186401e-01
-9.393939393939394478e-01,0.000000000000000000e+00,3.282332718372344971e-01
-9.191919191919192267e-01,0.000000000000000000e+00,4.114963114261627197e-01
-8.989898989898990056e-01,0.000000000000000000e+00,4.788417220115661621e-01
-8.787878787878787845e-01,0.000000000000000000e+00,5.314205288887023926e-01
-8.585858585858585634e-01,0.000000000000000000e+00,5.704362988471984863e-01
-8.383838383838383423e-01,0.000000000000000000e+00,5.962675213813781738e-01
-8.181818181818181213e-01,0.000000000000000000e+00,6.087800264358520508e-01
-7.979797979797980112e-01,0.000000000000000000e+00,6.082102656364440918e-01
-7.777777777777777901e-01,0.000000000000000000e+00,5.956581234931945801e-01
-7.575757575757575690e-01,0.000000000000000000e+00,5.728684663772583008e-01
-7.373737373737373479e-01,0.000000000000000000e+00,5.416808724403381348e-01
-7.171717171717171269e-01,0.000000000000000000e+00,5.036171078681945801e-01
-6.969696969696970168e-01,0.000000000000000000e+00,4.598283171653747559e-01
-6.767676767676766847e-01,0.000000000000000000e+00,4.113579094409942627e-01
-6.565656565656565746e-01,0.000000000000000000e+00,3.595277070999145508e-01
-6.363636363636363535e-01,0.000000000000000000e+00,3.061311244964599609e-01
-6.161616161616161325e-01,0.000000000000000000e+00,2.530776858329772949e-01
-5.959595959595959114e-01,0.000000000000000000e+00,2.016850858926773071e-01
-5.757575757575756903e-01,0.000000000000000000e+00,1.525407880544662476e-01
-5.555555555555555802e-01,0.000000000000000000e+00,1.061481758952140808e-01
-5.353535353535352481e-01,0.000000000000000000e+00,6.336187571287155151e-02
-5.151515151515151381e-01,0.000000000000000000e+00,2.512644790112972260e-02
-4.949494949494949170e-01,0.000000000000000000e+00,-7.925102487206459045e-03
-4.747474747474746959e-01,0.000000000000000000e+00,-3.558171540498733521e-02
-4.545454545454544748e-01,0.000000000000000000e+00,-5.793900042772293091e-02
-4.343434343434342537e-01,0.000000000000000000e+00,-7.523018866777420044e-02
-4.141414141414141437e-01,0.000000000000000000e+00,-8.772934228181838989e-02
-3.939393939393939226e-01,0.000000000000000000e+00,-9.572602063417434692e-02
-3.737373737373737015e-01,0.000000000000000000e+00,-9.954936057329177856e-02
-3.535353535353534804e-01,0.000000000000000000e+00,-9.960550814867019653e-02
-3.333333333333332593e-01,0.000000000000000000e+00,-9.639472514390945435e-02
-3.131313131313130382e-01,0.000000000000000000e+00,-9.050846844911575317e-02
-2.929292929292928171e-01,0.000000000000000000e+00,-8.259893208742141724e-02
-2.727272727272727071e-01,0.000000000000000000e+00,-7.333339005708694458e-02
-2.525252525252524860e-01,0.000000000000000000e+00,-6.334549933671951294e-02
-2.323232323232322649e-01,0.000000000000000000e+00,-5.319721251726150513e-02
-2.121212121212120438e-01,0.000000000000000000e+00,-4.335398226976394653e-02
-1.919191919191918227e-01,0.000000000000000000e+00,-3.417897969484329224e-02
-1.717171717171716017e-01,0.000000000000000000e+00,-2.593691088259220123e-02
-1.515151515151514916e-01,0.000000000000000000e+00,-1.880181767046451569e-02
-1.313131313131312705e-01,0.000000000000000000e+00,-1.286787725985050201e-02
-1.111111111111110494e-01,0.000000000000000000e+00,-8.158275857567787170e-03
-9.090909090909082835e-02,0.000000000000000000e+00,-4.631885793060064316e-03
-7.070707070707060726e-02,0.000000000000000000e+00,-2.190837170928716660e-03
-5.050505050505038618e-02,0.000000000000000000e+00,-6.889789947308599949e-04
-3.030303030303027612e-02,0.000000000000000000e+00,6.525818025693297386e-05
-1.010101010101005503e-02,0.000000000000000000e+00,3.001004806719720364e-04
1.010101010101016605e-02,0.000000000000000000e+00,2.846628776751458645e-04
3.030303030303049816e-02,0.000000000000000000e+00,3.212601295672357082e-04
5.050505050505060822e-02,0.000000000000000000e+00,7.414132705889642239e-04
7.070707070707071829e-02,0.000000000000000000e+00,1.891604159027338028e-03
9.090909090909105039e-02,0.000000000000000000e+00,4.099121782928705215e-03
1.111111111111111605e-01,0.000000000000000000e+00,7.621458265930414200e-03
1.313131313131314926e-01,0.000000000000000000e+00,1.258092187345027924e-02
1.515151515151516026e-01,0.000000000000000000e+00,1.891546510159969330e-02
1.717171717171717127e-01,0.000000000000000000e+00,2.640604041516780853e-02
1.919191919191920448e-01,0.000000000000000000e+00,3.479229658842086792e-02
2.121212121212121549e-01,0.000000000000000000e+00,4.390596598386764526e-02
2.323232323232324870e-01,0.000000000000000000e+00,5.363958328962326050e-02
2.525252525252525970e-01,0.000000000000000000e+00,6.374543160200119019e-02
2.727272727272729291e-01,0.000000000000000000e+00,7.371126860380172729e-02
2.929292929292930392e-01,0.000000000000000000e+00,8.289342373609542847e-02
3.131313131313131493e-01,0.000000000000000000e+00,9.069370478391647339e-02
3.333333333333334814e-01,0.000000000000000000e+00,9.652953594923019409e-02
3.535353535353535914e-01,0.000000000000000000e+00,9.975468367338180542e-02
3.737373737373739235e-01,0.000000000000000000e+00,9.970705956220626831e-02
3.939393939393940336e-01,0.000000000000000000e+00,9.583240002393722534e-02
4.141414141414143657e-01,0.000000000000000000e+00,8.771955221891403198e-02
4.343434343434344758e-01,0.000000000000000000e+00,7.504885643720626831e-02
4.545454545454545858e-01,0.000000000000000000e+00,5.753730982542037964e-02
4.747474747474749179e-01,0.000000000000000000e+00,3.494255989789962769e-02
4.949494949494950280e-01,0.000000000000000000e+00,7.114937994629144669e-03
5.151515151515153601e-01,0.000000000000000000e+00,-2.594328857958316803e-02
5.353535353535354702e-01,0.000000000000000000e+00,-6.403435021638870239e-02
5.555555555555555802e-01,0.000000000000000000e+00,-1.067420318722724915e-01
5.757575757575759123e-01,0.000000000000000000e+00,-1.534284502267837524e-01
5.959595959595960224e-01,0.000000000000000000e+00,-2.032401114702224731e-01
6.161616161616163545e-01,0.000000000000000000e+00,-2.551431059837341309e-01
6.363636363636364646e-01,0.000000000000000000e+00,-3.080035746097564697e-01
6.565656565656567967e-01,0.000000000000000000e+00,-3.606682419776916504e-01
6.767676767676769067e-01,0.000000000000000000e+00,-4.119713306427001953e-01
6.969696969696970168e-01,0.000000000000000000e+00,-4.606223404407501221e-01
7.171717171717173489e-01,0.000000000000000000e+00,-5.051074624061584473e-01
7.373737373737374590e-01,0.000000000000000000e+00,-5.437389612197875977e-01
7.575757575757577911e-01,0.000000000000000000e+00,-5.748293995857238770e-01
7.777777777777779011e-01,0.000000000000000000e+00,-5.968405604362487793e-01
7.979797979797982332e-01,0.000000000000000000e+00,-6.084343791007995605e-01
8.181818181818183433e-01,0.000000000000000000e+00,-6.084772944450378418e-01
8.383838383838384534e-01,0.000000000000000000e+00,-5.960389375686645508e-01
8.585858585858587855e-01,0.000000000000000000e+00,-5.703545212745666504e-01
8.787878787878788955e-01,0.000000000000000000e+00,-5.307652950286865234e-01
8.989898989898992276e-01,0.000000000000000000e+00,-4.767114520072937012e-01
9.191919191919193377e-01,0.000000000000000000e+00,-4.078147113323211670e-01
9.393939393939394478e-01,0.000000000000000000e+00,-3.239936828613281250e-01
9.595959595959597799e-01,0.000000000000000000e+00,-2.257511466741561890e-01
9.797979797979798899e-01,0.000000000000000000e+00,-1.152336671948432922e-01
1.000000000000000000e+00,0.000000000000000000e+00,1.854947302490472794e-03
-1.000000000000000000e+00,1.000000000000000021e-02,1.978775952011346817e-03
-9.797979797979797789e-01,1.000000000000000021e-02,1.233960315585136414e-01
-9.595959595959595578e-01,1.000000000000000021e-02,2.382973879575729370e-01
-9.393939393939394478e-01,1.000000000000000021e-02,3.400980234146118164e-01
-9.191919191919192267e-01,1.000000000000000021e-02,4.253079295158386230e-01
-8.989898989898990056e-01,1.000000000000000021e-02,4.936439692974090576e-01
-8.787878787878787845e-01,1.000000000000000021e-02,5.466392636299133301e-01
-8.585858585858585634e-01,1.000000000000000021e-02,5.857918262481689453e-01
-8.383838383838383423e-01,1.000000000000000021e-02,6.116192340850830078e-01
-8.181818181818181213e-01,1.000000000000000021e-02,6.240636706352233887e-01
-7.979797979797980112e-01,1.000000000000000021e-02,6.234394907951354980e-01
-7.777777777777777901e-01,1.000000000000000021e-02,6.108976602554321289e-01
-7.575757575757575690e-01,1.000000000000000021e-02,5.881611704826354980e-01
-7.373737373737373479e-01,1.000000000000000021e-02,5.569749474525451660e-01
-7.171717171717171269e-01,1.000000000000000021e-02,5.187352895736694336e-01
-6.969696969696970168e-01,1.000000000000000021e-02,4.744819998741149902e-01
-6.767676767676766847e-01,1.000000000000000021e-02,4.252006411552429199e-01
-6.565656565656565746e-01,1.000000000000000021e-02,3.722224831581115723e-01
-6.363636363636363535e-01,1.000000000000000021e-02,3.173977136611938477e-01
-6.161616161616161325e-01,1.000000000000000021e-02,2.627102732658386230e-01
-5.959595959595959114e-01,1.000000000000000021e-02,2.095638960599899292e-01
-5.757575757575756903e-01,1.000000000000000021e-02,1.586207598447799683e-01
-5.555555555555555802e-01,1.000000000000000021e-02,1.104412004351615906e-01
-5.353535353535352481e-01,1.000000000000000021e-02,6.594043225049972534e-02
-5.151515151515151381e-01,1.000000000000000021e-02,2.613615058362483978e-02
-4.949494949494949170e-01,1.000000000000000021e-02,-8.281061425805091858e-03
-4.747474747474746959e-01,1.000000000000000021e-02,-3.707236796617507935e-02
-4.545454545454544748e-01,1.000000000000000021e-02,-6.033004075288772583e-02
-4.343434343434342537e-01,1.000000000000000021e-02,-7.830262929201126099e-02
-4.141414141414141437e-01,1.000000000000000021e-02,-9.128368645906448364e-02
-3.939393939393939226e-01,1.000000000000000021e-02,-9.958411008119583130e-02
-3.737373737373737015e-01,1.000000000000000021e-02,-1.035525873303413391e-01
-3.535353535353534804e-01,1.000000000000000021e-02,-1.036119535565376282e-01
-3.333333333333332593e-01,1.000000000000000021e-02,-1.002807691693305969e-01
-3.131313131313130382e-01,1.000000000000000021e-02,-9.416890889406204224e-02
-2.929292929292928171e-01,1.000000000000000021e-02,-8.595008403062820435e-02
-2.727272727272727071e-01,1.000000000000000021e-02,-7.631535083055496216e-02
-2.525252525252524860e-01,1.000000000000000021e-02,-6.592375785112380981e-02
-2.323232323232322649e-01,1.000000000000000021e-02,-5.536068230867385864e-02
-2.121212121212120438e-01,1.000000000000000021e-02,-4.511392861604690552e-02
-1.919191919191918227e-01,1.000000000000000021e-02,-3.556472808122634888e-02
-1.717171717171716017e-01,1.000000000000000021e-02,-2.698935009539127350e-02
-1.515151515151514916e-01,1.000000000000000021e-02,-1.956916786730289459e-02
-1.313131313131312705e-01,1.000000000000000021e-02,-1.340092159807682037e-02
-1.111111111111110494e-01,1.000000000000000021e-02,-8.505651727318763733e-03
-9.090909090909082835e-02,1.000000000000000021e-02,-4.837939050048589706e-03
-7.070707070707060726e-02,1.000000000000000021e-02,-2.294489648193120956e-03
-5.050505050505038618e-02,1.000000000000000021e-02,-7.227748283185064793e-04
-3.030303030303027612e-02,1.000000000000000021e-02,7.402006303891539574e-05
-1.010101010101005503e-02,1.000000000000000021e-02,3.323465934954583645e-04
1.010101010101016605e-02,1.000000000000000021e-02,3.271013847552239895e-04
3.030303030303049816e-02,1.000000000000000021e-02,3.695994964800775051e-04
5.050505050505060822e-02,1.000000000000000021e-02,8.029848686419427395e-04
7.070707070707071829e-02,1.000000000000000021e-02,1.986852381378412247e-03
9.090909090909105039e-02,1.000000000000000021e-02,4.265776369720697403e-03
1.111111111111111605e-01,1.000000000000000021e-02,7.913341745734214783e-03
1.313131313131314926e-01,1.000000000000000021e-02,1.306354068219661713e-02
1.515151515151516026e-01,1.000000000000000021e-02,1.966028474271297455e-02
1.717171717171717127e-01,1.000000000000000021e-02,2.747332118451595306e-02
1.919191919191920448e-01,1.000000000000000021e-02,3.622394055128097534e-02
2.121212121212121549e-01,1.000000000000000021e-02,4.571991413831710815e-02
2.323232323232324870e-01,1.000000000000000021e-02,5.583804100751876831e-02
2.525252525252525970e-01,1.000000000000000021e-02,6.632434576749801636e-02
2.727272727272729291e-01,1.000000000000000021e-02,7.666581124067306519e-02
2.929292929292930392e-01,1.000000000000000021e-02,8.621066063642501831e-02
3.131313131313131493e-01,1.000000000000000021e-02,9.433715790510177612e-02
3.333333333333334814e-01,1.000000000000000021e-02,1.004286333918571472e-01
3.535353535353535914e-01,1.000000000000000021e-02,1.038010641932487488e-01
3.737373737373739235e-01,1.000000000000000021e-02,1.037560626864433289e-01
3.939393939393940336e-01,1.000000000000000021e-02,9.971230477094650269e-02
4.141414141414143657e-01,1.000000000000000021e-02,9.124737232923507690e-02
4.343434343434344758e-01,1.000000000000000021e-02,7.804112881422042847e-02
4.545454545454545858e-01,1.000000000000000021e-02,5.981116741895675659e-02
4.747474747474749179e-01,1.000000000000000021e-02,3.630947321653366089e-02
4.949494949494950280e-01,1.000000000000000021e-02,7.371118757873773575e-03
5.151515151515153601e-01,1.000000000000000021e-02,-2.701205946505069733e-02
5.353535353535354702e-01,1.000000000000000021e-02,-6.663567572832107544e-02
5.555555555555555802e-01,1.000000000000000021e-02,-1.110514476895332336e-01
5.757575757575759123e-01,1.000000000000000021e-02,-1.595540195703506470e-01
5.959595959595960224e-01,1.000000000000000021e-02,-2.111984044313430786e-01
6.161616161616163545e-01,1.000000000000000021e-02,-2.648543715476989746e-01
6.363636363636364646e-01,1.000000000000000021e-02,-3.193075656890869141e-01
6.565656565656567967e-01,1.000000000000000021e-02,-3.733512759208679199e-01
6.767676767676769067e-01,1.000000000000000021e-02,-4.257767796516418457e-01
6.969696969696970168e-01,1.000000000000000021e-02,-4.752516448497772217e-01
7.171717171717173489e-01,1.000000000000000021e-02,-5.202380418777465820e-01
7.373737373737374590e-01,1.000000000000000021e-02,-5.590767860412597656e-01
7.575757575757577911e-01,1.000000000000000021e-02,-5.901716351509094238e-01
7.777777777777779011e-01,1.000000000000000021e-02,-6.121063828468322754e-01
7.979797979797982332e-01,1.000000000000000021e-02,-6.236490011215209961e-01
8.181818181818183433e-01,1.000000000000000021e-02,-6.237170696258544922e-01
8.383838383838384534e-01,1.000000000000000021e-02,-6.113619208335876465e-01
8.585858585858587855e-01,1.000000000000000021e-02,-5.857355594635009766e-01
8.787878787878788955e-01,1.000000000000000021e-02,-5.460380315780639648e-01
8.989898989898992276e-01,1.000000000000000021e-02,-4.915063977241516113e-01
9.191919191919193377e-01,1.000000000000000021e-02,-4.215065836906433105e-01
9.393939393939394478e-01,1.000000000000000021e-02,-3.356965482234954834e-01
9.595959595959597799e-01,1.000000000000000021e-02,-2.343913763761520386e-01
9.797979797979798899e-01,1.000000000000000021e-02,-1.197876706719398499e-01
1.000000000000000000e+00,1.000000000000000021e-02,1.899293158203363419e-03
-1.000000000000000000e+00,2.000000000000000042e-02,2.039185259491205215e-03
-9.797979797979797789e-01,2.000000000000000042e-02,1.282069534063339233e-01
-9.595959595959595578e-01,2.000000000000000042e-02,2.473633736371994019e-01
-9.393939393939394478e-01,2.000000000000000042e-02,3.523114323616027832e-01
-9.191919191919192267e-01,2.000000000000000042e-02,4.393950402736663818e-01
-8.989898989898990056e-01,2.000000000000000042e-02,5.086068511009216309e-01
-8.787878787878787845e-01,2.000000000000000042e-02,5.619089007377624512e-01
-8.585858585858585634e-01,2.000000000000000042e-02,6.011094450950622559e-01
-8.383838383838383423e-01,2.000000000000000042e-02,6.268764734268188477e-01
-8.181818181818181213e-01,2.000000000000000042e-02,6.392359137535095215e-01
-7.979797979797980112e-01,2.000000000000000042e-02,6.385801434516906738e-01
-7.777777777777777901e-01,2.000000000000000042e-02,6.260973811149597168e-01
-7.575757575757575690e-01,2.000000000000000042e-02,6.034693717956542969e-01
-7.373737373737373479e-01,2.000000000000000042e-02,5.723344683647155762e-01
-7.171717171717171269e-01,2.000000000000000042e-02,5.339654088020324707e-01
-6.969696969696970168e-01,2.000000000000000042e-02,4.893000721931457520e-01
-6.767676767676766847e-01,2.000000000000000042e-02,4.392675459384918213e-01
-6.565656565656565746e-01,2.000000000000000042e-02,3.851968050003051758e-01
-6.363636363636363535e-01,2.000000000000000042e-02,3.289738595485687256e-01
-6.161616161616161325e-01,2.000000000000000042e-02,2.726501524448394775e-01
-5.959595959595959114e-01,2.000000000000000042e-02,2.177209109067916870e-01
-5.757575757575756903e-01,2.000000000000000042e-02,1.649358719587326050e-01
-5.555555555555555802e-01,2.000000000000000042e-02,1.149156019091606140e-01
-5.353535353535352481e-01,2.000000000000000042e-02,6.863956898450851440e-02
-5.151515151515151381e-01,2.000000000000000042e-02,2.720128558576107025e-02
-4.949494949494949170e-01,2.000000000000000042e-02,-8.641311898827552795e-03
-4.747474747474746959e-01,2.000000000000000042e-02,-3.861618787050247192e-02
-4.545454545454544748e-01,2.000000000000000042e-02,-6.281197816133499146e-02
-4.343434343434342537e-01,2.000000000000000042e-02,-8.149368315935134888e-02
-4.141414141414141437e-01,2.000000000000000042e-02,-9.497756510972976685e-02
-3.939393939393939226e-01,2.000000000000000042e-02,-1.035960391163825989e-01
-3.737373737373737015e-01,2.000000000000000042e-02,-1.077182963490486145e-01
-3.535353535353534804e-01,2.000000000000000042e-02,-1.077843382954597473e-01
-3.333333333333332593e-01,2.000000000000000042e-02,-1.043298915028572083e-01
-3.131313131313130382e-01,2.000000000000000042e-02,-9.798414260149002075e-02
-2.929292929292928171e-01,2.000000000000000042e-02,-8.944381028413772583e-02
-2.727272727272727071e-01,2.000000000000000042e-02,-7.942397147417068481e-02
-2.525252525252524860e-01,2.000000000000000042e-02,-6.860978156328201294e-02
-2.323232323232322649e-01,2.000000000000000042e-02,-5.761332064867019653e-02
-2.121212121212120438e-01,2.000000000000000042e-02,-4.694563895463943481e-02
-1.919191919191918227e-01,2.000000000000000042e-02,-3.700620681047439575e-02
-1.717171717171716017e-01,2.000000000000000042e-02,-2.808464504778385162e-02
-1.515151515151514916e-01,2.000000000000000042e-02,-2.036918140947818756e-02
-1.313131313131312705e-01,2.000000000000000042e-02,-1.395864225924015045e-02
-1.111111111111110494e-01,2.000000000000000042e-02,-8.871981874108314514e-03
-9.090909090909082835e-02,2.000000000000000042e-02,-5.058833863586187363e-03
-7.070707070707060726e-02,2.000000000000000042e-02,-2.410241868346929550e-03
-5.050505050505038618e-02,2.000000000000000042e-02,-7.670014747418463230e-04
-3.030303030303027612e-02,2.000000000000000042e-02,7.455650484189391136e-05
-1.010101010101005503e-02,2.000000000000000042e-02,3.570825210772454739e-04
1.010101010101016605e-02,2.000000000000000042e-02,3.628641716204583645e-04
3.030303030303049816e-02,2.000000000000000042e-02,4.126936546526849270e-04
5.050505050505060822e-02,2.000000000000000042e-02,8.616358391009271145e-04
7.070707070707071829e-02,2.000000000000000042e-02,2.083113882690668106e-03
9.090909090909105039e-02,2.000000000000000042e-02,4.439166281372308731e-03
1.111111111111111605e-01,2.000000000000000042e-02,8.221080526709556580e-03
1.313131313131314926e-01,2.000000000000000042e-02,1.357602141797542572e-02
1.515151515151516026e-01,2.000000000000000042e-02,2.044843696057796478e-02
1.717171717171717127e-01,2.000000000000000042e-02,2.859889529645442963e-02
1.919191919191920448e-01,2.000000000000000042e-02,3.772514313459396362e-02
2.121212121212121549e-01,2.000000000000000042e-02,4.761081188917160034e-02
2.323232323232324870e-01,2.000000000000000042e-02,5.811678618192672729e-02
2.525252525252525970e-01,2.000000000000000042e-02,6.898777931928634644e-02
2.727272727272729291e-01,2.000000000000000042e-02,7.971613854169845581e-02
2.929292929292930392e-01,2.000000000000000042e-02,8.964370936155319214e-02
3.131313131313131493e-01,2.000000000000000042e-02,9.811460226774215698e-02
3.333333333333334814e-01,2.000000000000000042e-02,1.044704839587211609e-01
3.535353535353535914e-01,2.000000000000000042e-02,1.079896613955497742e-01
3.737373737373739235e-01,2.000000000000000042e-02,1.079440638422966003e-01
3.939393939393940336e-01,2.000000000000000042e-02,1.037291213870048523e-01
4.141414141414143657e-01,2.000000000000000042e-02,9.490906447172164917e-02
4.343434343434344758e-01,2.000000000000000042e-02,8.115886896848678589e-02
4.545454545454545858e-01,2.000000000000000042e-02,6.219147890806198120e-02
4.747474747474749179e-01,2.000000000000000042e-02,3.775023669004440308e-02
4.949494949494950280e-01,2.000000000000000042e-02,7.656565401703119278e-03
5.151515151515153601e-01,2.000000000000000042e-02,-2.810759283602237701e-02
5.353535353535354702e-01,2.000000000000000042e-02,-6.932920962572097778e-02
5.555555555555555802e-01,2.000000000000000042e-02,-1.155190542340278625e-01
5.757575757575759123e-01,2.000000000000000042e-02,-1.658991128206253052e-01
5.959595959595960224e-01,2.000000000000000042e-02,-2.194233387708663940e-01
6.161616161616163545e-01,2.000000000000000042e-02,-2.748596966266632080e-01
6.363636363636364646e-01,2.000000000000000042e-02,-3.309127390384674072e-01
6.565656565656567967e-01,2.000000000000000042e-02,-3.863223791122436523e-01
6.767676767676769067e-01,2.000000000000000042e-02,-4.398365914821624756e-01
6.969696969696970168e-01,2.000000000000000042e-02,-4.900825321674346924e-01
7.171717171717173489e-01,2.000000000000000042e-02,-5.355044007301330566e-01
7.373737373737374590e-01,2.000000000000000042e-02,-5.744825601577758789e-01
7.575757575757577911e-01,2.000000000000000042e-02,-6.055198311805725098e-01
7.777777777777779011e-01,2.000000000000000042e-02,-6.273276805877685547e-01
7.979797979797982332e-01,2.000000000000000042e-02,-6.387858986854553223e-01
8.181818181818183433e-01,2.000000000000000042e-02,-6.388694047927856445e-01
8.383838383838384534e-01,2.000000000000000042e-02,-6.266130208969116211e-01
8.585858585858587855e-01,2.000000000000000042e-02,-6.010849475860595703e-01
8.787878787878788955e-01,2.000000000000000042e-02,-5.613430142402648926e-01
8.989898989898992276e-01,2.000000000000000042e-02,-5.064188241958618164e-01
9.191919191919193377e-01,2.000000000000000042e-02,-4.354087710380554199e-01
9.393939393939394478e-01,2.000000000000000042e-02,-3.476758003234863281e-01
9.595959595959597799e-01,2.000000000000000042e-02,-2.432995289564132690e-01
9.797979797979798899e-01,2.000000000000000042e-02,-1.244928911328315735e-01
1.000000000000000000e+00,2.000000000000000042e-02,1.983633730560541153e-03
-1.000000000000000000e+00,2.999999999999999889e-02,2.077093813568353653e-03
-9.797979797979797789e-01,2.999999999999999889e-02,1.332151144742965698e-01
-9.595959595959595578e-01,2.999999999999999889e-02,2.567614614963531494e-01
-9.393939393939394478e-01,2.999999999999999889e-02,3.648687005043029785e-01
-9.191919191919192267e-01,2.999999999999999889e-02,4.537399709224700928e-01
-8.989898989898990056e-01,2.999999999999999889e-02,5.237066149711608887e-01
-8.787878787878787845e-01,2.999999999999999889e-02,5.772007703781127930e-01
-8.585858585858585634e-01,2.999999999999999889e-02,6.163590550422668457e-01
-8.383838383838383423e-01,2.999999999999999889e-02,6.420058608055114746e-01
-8.181818181818181213e-01,2.999999999999999889e-02,6.542631983757019043e-01
-7.979797979797980112e-01,2.999999999999999889e-02,6.536008715629577637e-01
-7.777777777777777901e-01,2.999999999999999889e-02,6.412276625633239746e-01
-7.575757575757575690e-01,2.999999999999999889e-02,6.187637448310852051e-01
-7.373737373737373479e-01,2.999999999999999889e-02,5.877320170402526855e-01
-7.171717171717171269e-01,2.999999999999999889e-02,5.492822527885437012e-01
-6.969696969696970168e-01,2.999999999999999889e-02,5.042600035667419434e-01
-6.767676767676766847e-01,2.999999999999999889e-02,4.535427391529083252e-01
-6.565656565656565746e-01,2.999999999999999889e-02,3.984416723251342773e-01
-6.363636363636363535e-01,2.999999999999999889e-02,3.408591747283935547e-01
-6.161616161616161325e-01,2.999999999999999889e-02,2.829021513462066650e-01
-5.959595959595959114e-01,2.999999999999999889e-02,2.261631935834884644e-01
-5.757575757575756903e-01,2.999999999999999889e-02,1.714922040700912476e-01
-5.555555555555555802e-01,2.999999999999999889e-02,1.195778176188468933e-01
-5.353535353535352481e-01,2.999999999999999889e-02,7.146351784467697144e-02
-5.151515151515151381e-01,2.999999999999999889e-02,2.832632325589656830e-02
-4.949494949494949170e-01,2.999999999999999889e-02,-9.001621976494789124e-03
-4.747474747474746959e-01,2.999999999999999889e-02,-4.020953923463821411e-02
-4.545454545454544748e-01,2.999999999999999889e-02,-6.538254767656326294e-02
-4.343434343434342537e-01,2.999999999999999889e-02,-8.480203896760940552e-02
-4.141414141414141437e-01,2.999999999999999889e-02,-9.880948811769485474e-02
-3.939393939393939226e-01,2.999999999999999889e-02,-1.077611520886421204e-01
-3.737373737373737015e-01,2.999999999999999889e-02,-1.120460107922554016e-01
-3.535353535353534804e-01,2.999999999999999889e-02,-1.121220067143440247e-01
-3.333333333333332593e-01,2.999999999999999889e-02,-1.085424497723579407e-01
-3.131313131313130382e-01,2.999999999999999889e-02,-1.019558385014533997e-01
-2.929292929292928171e-01,2.999999999999999889e-02,-9.308094531297683716e-02
-2.727272727272727071e-01,2.999999999999999889e-02,-8.265960961580276489e-02
-2.525252525252524860e-01,2.999999999999999889e-02,-7.140523940324783325e-02
-2.323232323232322649e-01,2.999999999999999889e-02,-5.995679646730422974e-02
-2.121212121212120438e-01,2.999999999999999889e-02,-4.885054379701614380e-02
-1.919191919191918227e-01,2.999999999999999889e-02,-3.850508481264114380e-02
-1.717171717171716017e-01,2.999999999999999889e-02,-2.922351099550724030e-02
-1.515151515151514916e-01,2.999999999999999889e-02,-2.120245434343814850e-02
-1.313131313131312705e-01,2.999999999999999889e-02,-1.454133726656436920e-02
-1.111111111111110494e-01,2.999999999999999889e-02,-9.256789460778236389e-03
-9.090909090909082835e-02,2.999999999999999889e-02,-5.293318536132574081e-03
-7.070707070707060726e-02,2.999999999999999889e-02,-2.535948064178228378e-03
-5.050505050505038618e-02,2.999999999999999889e-02,-8.182018646039068699e-04
-3.030303030303027612e-02,2.999999999999999889e-02,6.972852861508727074e-05
-1.010101010101005503e-02,2.999999999999999889e-02,3.779441467486321926e-04
1.010101010101016605e-02,2.999999999999999889e-02,3.959447494708001614e-04
3.030303030303049816e-02,2.999999999999999889e-02,4.545361152850091457e-04
5.050505050505060822e-02,2.999999999999999889e-02,9.198695770464837551e-04
7.070707070707071829e-02,2.999999999999999889e-02,2.182892058044672012e-03
9.090909090909105039e-02,2.999999999999999889e-02,4.621794912964105606e-03
1.111111111111111605e-01,2.999999999999999889e-02,8.546700701117515564e-03
1.313131313131314926e-01,2.999999999999999889e-02,1.411800645291805267e-02
1.515151515151516026e-01,2.999999999999999889e-02,2.128081582486629486e-02
1.717171717171717127e-01,2.999999999999999889e-02,2.978246472775936127e-02
1.919191919191920448e-01,2.999999999999999889e-02,3.929626196622848511e-02
2.121212121212121549e-01,2.999999999999999889e-02,4.958038777112960815e-02
2.323232323232324870e-01,2.999999999999999889e-02,6.048148125410079956e-02
2.525252525252525970e-01,2.999999999999999889e-02,7.174693793058395386e-02
2.727272727272729291e-01,2.999999999999999889e-02,8.287983387708663940e-02
2.929292929292930392e-01,2.999999999999999889e-02,9.321217983961105347e-02
3.131313131313131493e-01,2.999999999999999889e-02,1.020476147532463074e-01
3.333333333333334814e-01,2.999999999999999889e-02,1.086763665080070496e-01
3.535353535353535914e-01,2.999999999999999889e-02,1.123377606272697449e-01
3.737373737373739235e-01,2.999999999999999889e-02,1.122829243540763855e-01
3.939393939393940336e-01,2.999999999999999889e-02,1.078895851969718933e-01
4.141414141414143657e-01,2.999999999999999889e-02,9.870844334363937378e-02
4.343434343434344758e-01,2.999999999999999889e-02,8.440249413251876831e-02
4.545454545454545858e-01,2.999999999999999889e-02,6.467699259519577026e-02
4.747474747474749179e-01,2.999999999999999889e-02,3.926157206296920776e-02
4.949494949494950280e-01,2.999999999999999889e-02,7.963946089148521423e-03
5.151515151515153601e-01,2.999999999999999889e-02,-2.924210764467716217e-02
5.353535353535354702e-01,2.999999999999999889e-02,-7.213056832551956177e-02
5.555555555555555802e-01,2.999999999999999889e-02,-1.201658919453620911e-01
5.757575757575759123e-01,2.999999999999999889e-02,-1.724851280450820923e-01
5.959595959595960224e-01,2.999999999999999889e-02,-2.279350310564041138e-01
6.161616161616163545e-01,2.999999999999999889e-02,-2.851743400096893311e-01
6.363636363636364646e-01,2.999999999999999889e-02,-3.428263366222381592e-01
6.565656565656567967e-01,2.999999999999999889e-02,-3.995774984359741211e-01
6.767676767676769067e-01,2.999999999999999889e-02,-4.541339576244354248e-01
6.969696969696970168e-01,2.999999999999999889e-02,-5.050845146179199219e-01
7.171717171717173489e-01,2.999999999999999889e-02,-5.508652329444885254e-01
7.373737373737374590e-01,2.999999999999999889e-02,-5.899070501327514648e-01
7.575757575757577911e-01,2.999999999999999889e-02,-6.208228468894958496e-01
7.777777777777779011e-01,2.999999999999999889e-02,-6.424550414085388184e-01
7.979797979797982332e-01,2.999999999999999889e-02,-6.537994146347045898e-01
8.181818181818183433e-01,2.999999999999999889e-02,-6.538942456245422363e-01
8.383838383838384534e-01,2.999999999999999889e-02,-6.417611241340637207e-01
8.585858585858587855e-01,2.999999999999999889e-02,-6.163832545280456543e-01
8.787878787878788955e-01,2.999999999999999889e-02,-5.766714811325073242e-01
8.989898989898992276e-01,2.999999999999999889e-02,-5.214481949806213379e-01
9.191919191919193377e-01,2.999999999999999889e-02,-4.495301544666290283e-01
9.393939393939394478e-01,2.999999999999999889e-02,-3.599520027637481689e-01
9.595959595959597799e-01,2.999999999999999889e-02,-2.525049746036529541e-01
9.797979797979798899e-01,2.999999999999999889e-02,-1.293804198503494263e-01
1.000000000000000000e+00,2.999999999999999889e-02,2.086988184601068497e-03
-1.000000000000000000e+00,4.000000000000000083e-02,2.107849810272455215e-03
-9.797979797979797789e-01,4.000000000000000083e-02,1.384376436471939087e-01
-9.595959595959595578e-01,4.000000000000000083e-02,2.664989829063415527e-01
-9.393939393939394478e-01,4.000000000000000083e-02,3.777584433555603027e-01
-9.191919191919192267e-01,4.000000000000000083e-02,4.683198630809783936e-01
-8.989898989898990056e-01,4.000000000000000083e-02,5.389153361320495605e-01
-8.787878787878787845e-01,4.000000000000000083e-02,5.924859642982482910e-01
-8.585858585858585634e-01,4.000000000000000083e-02,6.315076351165771484e-01
-8.383838383838383423e-01,4.000000000000000083e-02,6.569726467132568359e-01
-8.181818181818181213e-01,4.000000000000000083e-02,6.691086888313293457e-01
-7.979797979797980112e-01,4.000000000000000083e-02,6.684626936912536621e-01
-7.777777777777777901e-01,4.000000000000000083e-02,6.562485098838806152e-01
-7.575757575757575690e-01,4.000000000000000083e-02,6.340059041976928711e-01
-7.373737373737373479e-01,4.000000000000000083e-02,6.031309366226196289e-01
-7.171717171717171269e-01,4.000000000000000083e-02,5.646550059318542480e-01
-6.969696969696970168e-01,4.000000000000000083e-02,5.193387269973754883e-01
-6.767676767676766847e-01,4.000000000000000083e-02,4.680088162422180176e-01
-6.565656565656565746e-01,4.000000000000000083e-02,4.119485616683959961e-01
-6.363636363636363535e-01,4.000000000000000083e-02,3.530539274215698242e-01
-6.161616161616161325e-01,4.000000000000000083e-02,2.934721410274505615e-01
-5.959595959595959114e-01,4.000000000000000083e-02,2.348974794149398804e-01
-5.757575757575756903e-01,4.000000000000000083e-02,1.782943457365036011e-01
-5.555555555555555802e-01,4.000000000000000083e-02,1.244302317500114441e-01
-5.353535353535352481e-01,4.000000000000000083e-02,7.441549748182296753e-02
-5.151515151515151381e-01,4.000000000000000083e-02,2.951406501233577728e-02
-4.949494949494949170e-01,4.000000000000000083e-02,-9.360978379845619202e-03
-4.747474747474746959e-01,4.000000000000000083e-02,-4.185295850038528442e-02
-4.545454545454544748e-01,4.000000000000000083e-02,-6.804228574037551880e-02
-4.343434343434342537e-01,4.000000000000000083e-02,-8.822865039110183716e-02
-4.141414141414141437e-01,4.000000000000000083e-02,-1.027805879712104797e-01
-3.939393939393939226e-01,4.000000000000000083e-02,-1.120801046490669250e-01
-3.737373737373737015e-01,4.000000000000000083e-02,-1.165369227528572083e-01
-3.535353535353534804e-01,4.000000000000000083e-02,-1.166271641850471497e-01
-3.333333333333332593e-01,4.000000000000000083e-02,-1.129207685589790344e-01
-3.131313131313130382e-01,4.000000000000000083e-02,-1.060861423611640930e-01
-2.929292929292928171e-01,4.000000000000000083e-02,-9.686464816331863403e-02
-2.727272727272727071e-01,4.000000000000000083e-02,-8.602596074342727661e-02
-2.525252525252524860e-01,4.000000000000000083e-02,-7.431257516145706177e-02
-2.323232323232322649e-01,4.000000000000000083e-02,-6.239319592714309692e-02
-2.121212121212120438e-01,4.000000000000000083e-02,-5.082983523607254028e-02
-1.919191919191918227e-01,4.000000000000000083e-02,-4.006225615739822388e-02
-1.717171717171716017e-01,4.000000000000000083e-02,-3.040755726397037506e-02
-1.515151515151514916e-01,4.000000000000000083e-02,-2.206928469240665436e-02
-1.313131313131312705e-01,4.000000000000000083e-02,-1.514841057360172272e-02
-1.111111111111110494e-01,4.000000000000000083e-02,-9.659061208367347717e-03
-9.090909090909082835e-02,4.000000000000000083e-02,-5.539783742278814316e-03
-7.070707070707060726e-02,4.000000000000000083e-02,-2.668866422027349472e-03
-5.050505050505038618e-02,4.000000000000000083e-02,-8.734553703106939793e-04
-3.030303030303027612e-02,4.000000000000000083e-02,6.335083162412047386e-05
-1.010101010101005503e-02,4.000000000000000083e-02,3.985077491961419582e-04
1.010101010101016605e-02,4.000000000000000083e-02,4.295617691241204739e-04
3.030303030303049816e-02,4.000000000000000083e-02,4.973918548785150051e-04
5.050505050505060822e-02,4.000000000000000083e-02,9.805471636354923248e-04
7.070707070707071829e-02,4.000000000000000083e-02,2.286663744598627090e-03
9.090909090909105039e-02,4.000000000000000083e-02,4.814258310943841934e-03
1.111111111111111605e-01,4.000000000000000083e-02,8.891215547919273376e-03
1.313131313131314926e-01,4.000000000000000083e-02,1.469056867063045502e-02
1.515151515151516026e-01,4.000000000000000083e-02,2.215783856809139252e-02
1.717171717171717127e-01,4.000000000000000083e-02,3.102402947843074799e-02
1.919191919191920448e-01,4.000000000000000083e-02,4.093729704618453979e-02
2.121212121212121549e-01,4.000000000000000083e-02,5.163054913282394409e-02
2.323232323232324870e-01,4.000000000000000083e-02,6.293749064207077026e-02
2.525252525252525970e-01,4.000000000000000083e-02,7.461290806531906128e-02
2.727272727272729291e-01,4.000000000000000083e-02,8.617150038480758667e-02
2.929292929292930392e-01,4.000000000000000083e-02,9.693383425474166870e-02
3.131313131313131493e-01,4.000000000000000083e-02,1.061542555689811707e-01
3.333333333333334814e-01,4.000000000000000083e-02,1.130627319216728210e-01
3.535353535353535914e-01,4.000000000000000083e-02,1.168609187006950378e-01
3.737373737373739235e-01,4.000000000000000083e-02,1.167844459414482117e-01
3.939393939393940336e-01,4.000000000000000083e-02,1.122021004557609558e-01
4.141414141414143657e-01,4.000000000000000083e-02,1.026494428515434265e-01
4.343434343434344758e-01,4.000000000000000083e-02,8.777486532926559448e-02
4.545454545454545858e-01,4.000000000000000083e-02,6.726741045713424683e-02
4.747474747474749179e-01,4.000000000000000083e-02,4.084157198667526245e-02
4.949494949494950280e-01,4.000000000000000083e-02,8.288374170660972595e-03
5.151515151515153601e-01,4.000000000000000083e-02,-3.042424656450748444e-02
5.353535353535354702e-01,4.000000000000000083e-02,-7.505268603563308716e-02
5.555555555555555802e-01,4.000000000000000083e-02,-1.250074654817581177e-01
5.757575757575759123e-01,4.000000000000000083e-02,-1.793306022882461548e-01
5.959595959595960224e-01,4.000000000000000083e-02,-2.367497831583023071e-01
6.161616161616163545e-01,4.000000000000000083e-02,-2.958101630210876465e-01
6.363636363636364646e-01,4.000000000000000083e-02,-3.550521433353424072e-01
6.565656565656567967e-01,4.000000000000000083e-02,-4.131104946136474609e-01
6.767676767676769067e-01,4.000000000000000083e-02,-4.686494469642639160e-01
6.969696969696970168e-01,4.000000000000000083e-02,-5.202252864837646484e-01
7.171717171717173489e-01,4.000000000000000083e-02,-5.662772059440612793e-01
7.373737373737374590e-01,4.000000000000000083e-02,-6.053024530410766602e-01
7.575757575757577911e-01,4.000000000000000083e-02,-6.360297799110412598e-01
7.777777777777779011e-01,4.000000000000000083e-02,-6.574385762214660645e-01
7.979797979797982332e-01,4.000000000000000083e-02,-6.686424612998962402e-01
8.181818181818183433e-01,4.000000000000000083e-02,-6.687472462654113770e-01
8.383838383838384534e-01,4.000000000000000083e-02,-6.567687988281250000e-01
8.585858585858587855e-01,4.000000000000000083e-02,-6.316028237342834473e-01
8.787878787878788955e-01,4.000000000000000083e-02,-5.920074582099914551e-01
8.989898989898992276e-01,4.000000000000000083e-02,-5.365890860557556152e-01
9.191919191919193377e-01,4.000000000000000083e-02,-4.638748764991760254e-01
9.393939393939394478e-01,4.000000000000000083e-02,-3.725405335426330566e-01
9.595959595959597799e-01,4.000000000000000083e-02,-2.620329260826110840e-01
9.797979797979798899e-01,4.000000000000000083e-02,-1.344770044088363647e-01
1.000000000000000000e+00,4.000000000000000083e-02,2.192130777984857559e-03
-1.000000000000000000e+00,5.000000000000000278e-02,2.147665712982416153e-03
-9.797979797979797789e-01,5.000000000000000278e-02,1.438888162374496460e-01
-9.595959595959595578e-01,5.000000000000000278e-02,2.765733003616333008e-01
-9.393939393939394478e-01,5.000000000000000278e-02,3.909610807895660400e-01
-9.191919191919192267e-01,5.000000000000000278e-02,4.831067621707916260e-01
-8.989898989898990056e-01,5.000000000000000278e-02,5.542043447494506836e-01
-8.787878787878787845e-01,5.000000000000000278e-02,6.077349781990051270e-01
-8.585858585858585634e-01,5.000000000000000278e-02,6.465239524841308594e-01
-8.383838383838383423e-01,5.000000000000000278e-02,6.717419028282165527e-01
-8.181818181818181213e-01,5.000000000000000278e-02,6.837348341941833496e-01
-7.979797979797980112e-01,5.000000000000000278e-02,6.831244826316833496e-01
-7.777777777777777901e-01,5.000000000000000278e-02,6.711152791976928711e-01
-7.575757575757575690e-01,5.000000000000000278e-02,6.491497755050659180e-01
-7.373737373737373479e-01,5.000000000000000278e-02,6.184895038604736328e-01
-7.171717171717171269e-01,5.000000000000000278e-02,5.800483226776123047e-01
-6.969696969696970168e-01,5.000000000000000278e-02,5.345097184181213379e-01
-6.767676767676766847e-01,5.000000000000000278e-02,4.826490283012390137e-01
-6.565656565656565746e-01,5.000000000000000278e-02,4.257093667984008789e-01
-6.363636363636363535e-01,5.000000000000000278e-02,3.655576109886169434e-01
-6.161616161616161325e-01,5.000000000000000278e-02,3.043659329414367676e-01
-5.959595959595959114e-01,5.000000000000000278e-02,2.439299970865249634e-01
-5.757575757575756903e-01,5.000000000000000278e-02,1.853456944227218628e-01
-5.555555555555555802e-01,5.000000000000000278e-02,1.294732540845870972e-01
-5.353535353535352481e-01,5.000000000000000278e-02,7.749443501234054565e-02
-5.151515151515151381e-01,5.000000000000000278e-02,3.076260350644588470e-02
-4.949494949494949170e-01,5.000000000000000278e-02,-9.721109643578529358e-03
-4.747474747474746959e-01,5.000000000000000278e-02,-4.354966431856155396e-02
-4.545454545454544748e-01,5.000000000000000278e-02,-7.079494744539260864e-02
-4.343434343434342537e-01,5.000000000000000278e-02,-9.177786856889724731e-02
-4.141414141414141437e-01,5.000000000000000278e-02,-1.068949177861213684e-01
-3.939393939393939226e-01,5.000000000000000278e-02,-1.165570691227912903e-01
-3.737373737373737015e-01,5.000000000000000278e-02,-1.211955025792121887e-01
-3.535353535353534804e-01,5.000000000000000278e-02,-1.213036254048347473e-01
-3.333333333333332593e-01,5.000000000000000278e-02,-1.174689605832099915e-01
-3.131313131313130382e-01,5.000000000000000278e-02,-1.103791669011116028e-01
-2.929292929292928171e-01,5.000000000000000278e-02,-1.007992103695869446e-01
-2.727272727272727071e-01,5.000000000000000278e-02,-8.952660113573074341e-02
-2.525252525252524860e-01,5.000000000000000278e-02,-7.733596116304397583e-02
-2.323232323232322649e-01,5.000000000000000278e-02,-6.492621451616287231e-02
-2.121212121212120438e-01,5.000000000000000278e-02,-5.288714915513992310e-02
-1.919191919191918227e-01,5.000000000000000278e-02,-4.168016463518142700e-02
-1.717171717171716017e-01,5.000000000000000278e-02,-3.163791447877883911e-02
-1.515151515151514916e-01,5.000000000000000278e-02,-2.297026850283145905e-02
-1.313131313131312705e-01,5.000000000000000278e-02,-1.578039862215518951e-02
-1.111111111111110494e-01,5.000000000000000278e-02,-1.007790304720401764e-02
-9.090909090909082835e-02,5.000000000000000278e-02,-5.797156598418951035e-03
-7.070707070707060726e-02,5.000000000000000278e-02,-2.807804848998785019e-03
-5.050505050505038618e-02,5.000000000000000278e-02,-9.309738525189459324e-04
-3.030303030303027612e-02,5.000000000000000278e-02,5.744997179135680199e-05
-1.010101010101005503e-02,5.000000000000000278e-02,4.211575142107903957e-04
1.010101010101016605e-02,5.000000000000000278e-02,4.666358581744134426e-04
3.030303030303049816e-02,5.000000000000000278e-02,5.433470360003411770e-04
5.050505050505060822e-02,5.000000000000000278e-02,1.045516226440668106e-03
7.070707070707071829e-02,5.000000000000000278e-02,2.397111151367425919e-03
9.090909090909105039e-02,5.000000000000000278e-02,5.017212126404047012e-03
1.111111111111111605e-01,5.000000000000000278e-02,9.254505857825279236e-03
1.313131313131314926e-01,5.000000000000000278e-02,1.529448293149471283e-02
1.515151515151516026e-01,5.000000000000000278e-02,2.307992242276668549e-02
1.717171717171717127e-01,5.000000000000000278e-02,3.232460469007492065e-02
1.919191919191920448e-01,5.000000000000000278e-02,4.264932125806808472e-02
2.121212121212121549e-01,5.000000000000000278e-02,5.376320332288742065e-02
2.323232323232324870e-01,5.000000000000000278e-02,6.549029797315597534e-02
2.525252525252525970e-01,5.000000000000000278e-02,7.759445160627365112e-02
2.727272727272729291e-01,5.000000000000000278e-02,8.960413187742233276e-02
2.929292929292930392e-01,5.000000000000000278e-02,1.008223816752433777e-01
3.131313131313131493e-01,5.000000000000000278e-02,1.104473397135734558e-01
3.333333333333334814e-01,5.000000000000000278e-02,1.176429316401481628e-01
3.535353535353535914e-01,5.000000000000000278e-02,1.215720102190971375e-01
3.737373737373739235e-01,5.000000000000000278e-02,1.214607879519462585e-01
3.939393939393940336e-01,5.000000000000000278e-02,1.166752502322196960e-01
4.141414141414143657e-01,5.000000000000000278e-02,1.067381426692008972e-01
4.343434343434344758e-01,5.000000000000000278e-02,9.127800911664962769e-02
4.545454545454545858e-01,5.000000000000000278e-02,6.996434181928634644e-02
4.747474747474749179e-01,5.000000000000000278e-02,4.249017685651779175e-02
4.949494949494950280e-01,5.000000000000000278e-02,8.628299459815025330e-03
5.151515151515153601e-01,5.000000000000000278e-02,-3.165847808122634888e-02
5.353535353535354702e-01,5.000000000000000278e-02,-7.810396701097488403e-02
5.555555555555555802e-01,5.000000000000000278e-02,-1.300547271966934204e-01
5.757575757575759123e-01,5.000000000000000278e-02,-1.864469796419143677e-01
5.959595959595960224e-01,5.000000000000000278e-02,-2.458784133195877075e-01
6.161616161616163545e-01,5.000000000000000278e-02,-3.067743778228759766e-01
6.363636363636364646e-01,5.000000000000000278e-02,-3.675903677940368652e-01
6.565656565656567967e-01,5.000000000000000278e-02,-4.269114136695861816e-01
6.767676767676769067e-01,5.000000000000000278e-02,-4.833619296550750732e-01
6.969696969696970168e-01,5.000000000000000278e-02,-5.354720354080200195e-01
7.171717171717173489e-01,5.000000000000000278e-02,-5.816999673843383789e-01
7.373737373737374590e-01,5.000000000000000278e-02,-6.206226944923400879e-01
7.575757575757577911e-01,5.000000000000000278e-02,-6.510946750640869141e-01
7.777777777777779011e-01,5.000000000000000278e-02,-6.722333431243896484e-01
7.979797979797982332e-01,5.000000000000000278e-02,-6.832707524299621582e-01
8.181818181818183433e-01,5.000000000000000278e-02,-6.833859682083129883e-01
8.383838383838384534e-01,5.000000000000000278e-02,-6.715947389602661133e-01
8.585858585858587855e-01,5.000000000000000278e-02,-6.467093825340270996e-01
8.787878787878788955e-01,5.000000000000000278e-02,-6.073263883590698242e-01
8.989898989898992276e-01,5.000000000000000278e-02,-5.518277883529663086e-01
9.191919191919193377e-01,5.000000000000000278e-02,-4.784392118453979492e-01
9.393939393939394478e-01,5.000000000000000278e-02,-3.854480683803558350e-01
9.595959595959597799e-01,5.000000000000000278e-02,-2.719000577926635742e-01
9.797979797979798899e-01,5.000000000000000278e-02,-1.398000270128250122e-01
1.000000000000000000e+00,5.000000000000000278e-02,2.290120813995599747e-03
-1.000000000000000000e+00,5.999999999999999778e-02,2.209267113357782364e-03
-9.797979797979797789e-01,5.999999999999999778e-02,1.495757251977920532e-01
-9.595959595959595578e-01,5.999999999999999778e-02,2.869734466075897217e-01
-9.393939393939394478e-01,5.999999999999999778e-02,4.044486880302429199e-01
-9.191919191919192267e-01,5.999999999999999778e-02,4.980673193931579590e-01
-8.989898989898990056e-01,5.999999999999999778e-02,5.695430636405944824e-01
-8.787878787878787845e-01,5.999999999999999778e-02,6.229208111763000488e-01
-8.585858585858585634e-01,5.999999999999999778e-02,6.613803505897521973e-01
-8.383838383838383423e-01,5.999999999999999778e-02,6.862829327583312988e-01
-8.181818181818181213e-01,5.999999999999999778e-02,6.981051564216613770e-01
-7.979797979797980112e-01,5.999999999999999778e-02,6.975435614585876465e-01
-7.777777777777777901e-01,5.999999999999999778e-02,6.857800483703613281e-01
-7.575757575757575690e-01,5.999999999999999778e-02,6.641455888748168945e-01
-7.373737373737373479e-01,5.999999999999999778e-02,6.337617635726928711e-01
-7.171717171717171269e-01,5.999999999999999778e-02,5.954264998435974121e-01
-6.969696969696970168e-01,5.999999999999999778e-02,5.497474074363708496e-01
-6.767676767676766847e-01,5.999999999999999778e-02,4.974482059478759766e-01
-6.565656565656565746e-01,5.999999999999999778e-02,4.397167265415191650e-01
-6.363636363636363535e-01,5.999999999999999778e-02,3.783712983131408691e-01
-6.161616161616161325e-01,5.999999999999999778e-02,3.155889511108398438e-01
-5.959595959595959114e-01,5.999999999999999778e-02,2.532671988010406494e-01
-5.757575757575756903e-01,5.999999999999999778e-02,1.926488131284713745e-01
-5.555555555555555802e-01,5.999999999999999778e-02,1.347051709890365601e-01
-5.353535353535352481e-01,5.999999999999999778e-02,8.069621771574020386e-02
-5.151515151515151381e-01,5.999999999999999778e-02,3.206663578748703003e-02
-4.949494949494949170e-01,5.999999999999999778e-02,-1.008898951113224030e-02
-4.747474747474746959e-01,5.999999999999999778e-02,-4.530680924654006958e-02
-4.545454545454544748e-01,5.999999999999999778e-02,-7.364959269762039185e-02
-4.343434343434342537e-01,5.999999999999999778e-02,-9.545750170946121216e-02
-4.141414141414141437e-01,5.999999999999999778e-02,-1.111607030034065247e-01
-3.939393939393939226e-01,5.999999999999999778e-02,-1.211993768811225891e-01
-3.737373737373737015e-01,5.999999999999999778e-02,-1.260275989770889282e-01
-3.535353535353534804e-01,5.999999999999999778e-02,-1.261583119630813599e-01
-3.333333333333332593e-01,5.999999999999999778e-02,-1.221941187977790833e-01
-3.131313131313130382e-01,5.999999999999999778e-02,-1.148418262600898743e-01
-2.929292929292928171e-01,5.999999999999999778e-02,-1.048911884427070618e-01
-2.727272727272727071e-01,5.999999999999999778e-02,-9.316856414079666138e-02
-2.525252525252524860e-01,5.999999999999999778e-02,-8.048070222139358521e-02
-2.323232323232322649e-01,5.999999999999999778e-02,-6.756014376878738403e-02
-2.121212121212120438e-01,5.999999999999999778e-02,-5.502570420503616333e-02
-1.919191919191918227e-01,5.999999999999999778e-02,-4.336214810609817505e-02
-1.717171717171716017e-01,5.999999999999999778e-02,-3.291673213243484497e-02
-1.515151515151514916e-01,5.999999999999999778e-02,-2.390731312334537506e-02
-1.313131313131312705e-01,5.999999999999999778e-02,-1.643724180757999420e-02
-1.111111111111110494e-01,5.999999999999999778e-02,-1.051361300051212311e-02
-9.090909090909082835e-02,5.999999999999999778e-02,-6.063350941985845566e-03
-7.070707070707060726e-02,5.999999999999999778e-02,-2.950736787170171738e-03
-5.050505050505038618e-02,5.999999999999999778e-02,-9.877174161374568939e-04
-3.030303030303027612e-02,5.999999999999999778e-02,5.500618135556578636e-05
-1.010101010101005503e-02,5.999999999999999778e-02,4.489928833208978176e-04
1.010101010101016605e-02,5.999999999999999778e-02,5.085975280962884426e-04
3.030303030303049816e-02,5.999999999999999778e-02,5.943686119280755520e-04
5.050505050505060822e-02,5.999999999999999778e-02,1.114538405090570450e-03
7.070707070707071829e-02,5.999999999999999778e-02,2.512505743652582169e-03
9.090909090909105039e-02,5.999999999999999778e-02,5.230298731476068497e-03
1.111111111111111605e-01,5.999999999999999778e-02,9.637346491217613220e-03
1.313131313131314926e-01,5.999999999999999778e-02,1.593004725873470306e-02
1.515151515151516026e-01,5.999999999999999778e-02,2.404784224927425385e-02
1.717171717171717127e-01,5.999999999999999778e-02,3.368394821882247925e-02
1.919191919191920448e-01,5.999999999999999778e-02,4.443203657865524292e-02
2.121212121212121549e-01,5.999999999999999778e-02,5.597966164350509644e-02
2.323232323232324870e-01,5.999999999999999778e-02,6.814371794462203979e-02
2.525252525252525970e-01,5.999999999999999778e-02,8.069991320371627808e-02
2.727272727272729291e-01,5.999999999999999778e-02,9.318613260984420776e-02
2.929292929292930392e-01,5.999999999999999778e-02,1.048855707049369812e-01
3.131313131313131493e-01,5.999999999999999778e-02,1.149344369769096375e-01
3.333333333333334814e-01,5.999999999999999778e-02,1.224242970347404480e-01
3.535353535353535914e-01,5.999999999999999778e-02,1.264804452657699585e-01
3.737373737373739235e-01,5.999999999999999778e-02,1.263229697942733765e-01
3.939393939393940336e-01,5.999999999999999778e-02,1.213183924555778503e-01
4.141414141414143657e-01,5.999999999999999778e-02,1.109805628657341003e-01
4.343434343434344758e-01,5.999999999999999778e-02,9.491764754056930542e-02
4.545454545454545858e-01,5.999999999999999778e-02,7.277201861143112183e-02
4.747474747474749179e-01,5.999999999999999778e-02,4.421006888151168823e-02
4.949494949494950280e-01,5.999999999999999778e-02,8.985510095953941345e-03
5.151515151515153601e-01,5.999999999999999778e-02,-3.294450789690017700e-02
5.353535353535354702e-01,5.999999999999999778e-02,-8.128649741411209106e-02
5.555555555555555802e-01,5.999999999999999778e-02,-1.353128701448440552e-01
5.757575757575759123e-01,5.999999999999999778e-02,-1.938408166170120239e-01
5.959595959595960224e-01,5.999999999999999778e-02,-2.553262412548065186e-01
6.161616161616163545e-01,5.999999999999999778e-02,-3.180678486824035645e-01
6.363636363636364646e-01,5.999999999999999778e-02,-3.804368674755096436e-01
6.565656565656567967e-01,5.999999999999999778e-02,-4.409669041633605957e-01
6.767676767676769067e-01,5.999999999999999778e-02,-4.982465207576751709e-01
6.969696969696970168e-01,5.999999999999999778e-02,-5.507910847663879395e-01
7.171717171717173489e-01,5.999999999999999778e-02,-5.970936417579650879e-01
7.373737373737374590e-01,5.999999999999999778e-02,-6.358262896537780762e-01
7.575757575757577911e-01,5.999999999999999778e-02,-6.659768223762512207e-01
7.777777777777779011e-01,5.999999999999999778e-02,-6.868003010749816895e-01
7.979797979797982332e-01,5.999999999999999778e-02,-6.976475715637207031e-01
8.181818181818183433e-01,5.999999999999999778e-02,-6.977722048759460449e-01
8.383838383838384534e-01,5.999999999999999778e-02,-6.861988902091979980e-01
8.585858585858587855e-01,5.999999999999999778e-02,-6.616617441177368164e-01
8.787878787878788955e-01,5.999999999999999778e-02,-6.225939393043518066e-01
8.989898989898992276e-01,5.999999999999999778e-02,-5.671404004096984863e-01
9.191919191919193377e-01,5.999999999999999778e-02,-4.932100176811218262e-01
9.393939393939394478e-01,5.999999999999999778e-02,-3.986726999282836914e-01
9.595959595959597799e-01,5.999999999999999778e-02,-2.821129560470581055e-01
9.797979797979798899e-01,5.999999999999999778e-02,-1.453568786382675171e-01
1.000000000000000000e+00,5.999999999999999778e-02,2.380183432251214981e-03
-1.000000000000000000e+00,7.000000000000000666e-02,2.302399370819330215e-03
-9.797979797979797789e-01,7.000000000000000666e-02,1.554968506097793579e-01
-9.595959595959595578e-01,7.000000000000000666e-02,2.976749539375305176e-01
-9.393939393939394478e-01,7.000000000000000666e-02,4.181826710700988770e-01
-9.191919191919192267e-01,7.000000000000000666e-02,5.131639838218688965e-01
-8.989898989898990056e-01,7.000000000000000666e-02,5.849037766456604004e-01
-8.787878787878787845e-01,7.000000000000000666e-02,6.380218863487243652e-01
-8.585858585858585634e-01,7.000000000000000666e-02,6.760563254356384277e-01
-8.383838383838383423e-01,7.000000000000000666e-02,7.005711793899536133e-01
-8.181818181818181213e-01,7.000000000000000666e-02,7.121880650520324707e-01
-7.979797979797980112e-01,7.000000000000000666e-02,7.116802334785461426e-01
-7.777777777777777901e-01,7.000000000000000666e-02,7.001957297325134277e-01
-7.575757575757575690e-01,7.000000000000000666e-02,6.789447069168090820e-01
-7.373737373737373479e-01,7.000000000000000666e-02,6.489034295082092285e-01
-7.171717171717171269e-01,7.000000000000000666e-02,6.107537746429443359e-01
-6.969696969696970168e-01,7.000000000000000666e-02,5.650280117988586426e-01
-6.767676767676766847e-01,7.000000000000000666e-02,5.123916864395141602e-01
-6.565656565656565746e-01,7.000000000000000666e-02,4.539642930030822754e-01
-6.363636363636363535e-01,7.000000000000000666e-02,3.914949893951416016e-01
-6.161616161616161325e-01,7.000000000000000666e-02,3.271481394767761230e-01
-5.959595959595959114e-01,7.000000000000000666e-02,2.629164457321166992e-01
-5.757575757575756903e-01,7.000000000000000666e-02,2.002069205045700073e-01
-5.555555555555555802e-01,7.000000000000000666e-02,1.401237696409225464e-01
-5.353535353535352481e-01,7.000000000000000666e-02,8.401464670896530151e-02
-5.151515151515151381e-01,7.000000000000000666e-02,3.341829031705856323e-02
-4.949494949494949170e-01,7.000000000000000666e-02,-1.047439314424991608e-02
-4.747474747474746959e-01,7.000000000000000666e-02,-4.713577777147293091e-02
-4.545454545454544748e-01,7.000000000000000666e-02,-7.661671191453933716e-02
-4.343434343434342537e-01,7.000000000000000666e-02,-9.927917271852493286e-02
-4.141414141414141437e-01,7.000000000000000666e-02,-1.155886128544807434e-01
-3.939393939393939226e-01,7.000000000000000666e-02,-1.260165125131607056e-01
-3.737373737373737015e-01,7.000000000000000666e-02,-1.310435086488723755e-01
-3.535353535353534804e-01,7.000000000000000666e-02,-1.311997920274734497e-01
-3.333333333333332593e-01,7.000000000000000666e-02,-1.271044760942459106e-01
-3.131313131313130382e-01,7.000000000000000666e-02,-1.194828823208808899e-01
-2.929292929292928171e-01,7.000000000000000666e-02,-1.091485098004341125e-01
-2.727272727272727071e-01,7.000000000000000666e-02,-9.695816785097122192e-02
-2.525252525252524860e-01,7.000000000000000666e-02,-8.375299721956253052e-02
-2.323232323232322649e-01,7.000000000000000666e-02,-7.030046731233596802e-02
-2.121212121212120438e-01,7.000000000000000666e-02,-5.724979192018508911e-02
-1.919191919191918227e-01,7.000000000000000666e-02,-4.511106759309768677e-02
-1.717171717171716017e-01,7.000000000000000666e-02,-3.424615412950515747e-02
-1.515151515151514916e-01,7.000000000000000666e-02,-2.488101460039615631e-02
-1.313131313131312705e-01,7.000000000000000666e-02,-1.711983419954776764e-02
-1.111111111111110494e-01,7.000000000000000666e-02,-1.096559502184391022e-02
-9.090909090909082835e-02,7.000000000000000666e-02,-6.338724400848150253e-03
-7.070707070707060726e-02,7.000000000000000666e-02,-3.095874097198247910e-03
-5.050505050505038618e-02,7.000000000000000666e-02,-1.043149735778570175e-03
-3.030303030303027612e-02,7.000000000000000666e-02,5.661550676450133324e-05
-1.010101010101005503e-02,7.000000000000000666e-02,4.819542518816888332e-04
1.010101010101016605e-02,7.000000000000000666e-02,5.552083603106439114e-04
3.030303030303049816e-02,7.000000000000000666e-02,6.485492340289056301e-04
5.050505050505060822e-02,7.000000000000000666e-02,1.186123583465814590e-03
7.070707070707071829e-02,7.000000000000000666e-02,2.631893847137689590e-03
9.090909090909105039e-02,7.000000000000000666e-02,5.452028010040521622e-03
1.111111111111111605e-01,7.000000000000000666e-02,1.003794930875301361e-02
1.313131313131314926e-01,7.000000000000000666e-02,1.659672521054744720e-02
1.515151515151516026e-01,7.000000000000000666e-02,2.506118081510066986e-02
1.717171717171717127e-01,7.000000000000000666e-02,3.510170429944992065e-02
1.919191919191920448e-01,7.000000000000000666e-02,4.628544300794601440e-02
2.121212121212121549e-01,7.000000000000000666e-02,5.828010290861129761e-02
2.323232323232324870e-01,7.000000000000000666e-02,7.090090960264205933e-02
2.525252525252525970e-01,7.000000000000000666e-02,8.393304795026779175e-02
2.727272727272729291e-01,7.000000000000000666e-02,9.692316502332687378e-02
2.929292929292930392e-01,7.000000000000000666e-02,1.091275140643119812e-01
3.131313131313131493e-01,7.000000000000000666e-02,1.196153089404106140e-01
3.333333333333334814e-01,7.000000000000000666e-02,1.274087876081466675e-01
3.535353535353535914e-01,7.000000000000000666e-02,1.315910071134567261e-01
3.737373737373739235e-01,7.000000000000000666e-02,1.313773244619369507e-01
3.939393939393940336e-01,7.000000000000000666e-02,1.261396855115890503e-01
4.141414141414143657e-01,7.000000000000000666e-02,1.153850480914115906e-01
4.343434343434344758e-01,7.000000000000000666e-02,9.869991987943649292e-02
4.545454545454545858e-01,7.000000000000000666e-02,7.569598406553268433e-02
4.747474747474749179e-01,7.000000000000000666e-02,4.600798338651657104e-02
4.949494949494950280e-01,7.000000000000000666e-02,9.365310892462730408e-03
5.151515151515153601e-01,7.000000000000000666e-02,-3.427899628877639771e-02
5.353535353535354702e-01,7.000000000000000666e-02,-8.459825068712234497e-02
5.555555555555555802e-01,7.000000000000000666e-02,-1.407815366983413696e-01
5.757575757575759123e-01,7.000000000000000666e-02,-2.015124112367630005e-01
5.959595959595960224e-01,7.000000000000000666e-02,-2.650932669639587402e-01
6.161616161616163545e-01,7.000000000000000666e-02,-3.296882808208465576e-01
6.363636363636364646e-01,7.000000000000000666e-02,-3.935832083225250244e-01
6.565656565656567967e-01,7.000000000000000666e-02,-4.552605152130126953e-01
6.767676767676769067e-01,7.000000000000000666e-02,-5.132784247398376465e-01
6.969696969696970168e-01,7.000000000000000666e-02,-5.661501288414001465e-01
7.171717171717173489e-01,7.000000000000000666e-02,-6.124233007431030273e-01
7.373737373737374590e-01,7.000000000000000666e-02,-6.508798003196716309e-01
7.575757575757577911e-01,7.000000000000000666e-02,-6.806451678276062012e-01
7.777777777777779011e-01,7.000000000000000666e-02,-7.011121511459350586e-01
7.979797979797982332e-01,7.000000000000000666e-02,-7.117457389831542969e-01
8.181818181818183433e-01,7.000000000000000666e-02,-7.118770480155944824e-01
8.383838383838384534e-01,7.000000000000000666e-02,-7.005471587181091309e-01
8.585858585858587855e-01,7.000000000000000666e-02,-6.764206886291503906e-01
8.787878787878788955e-01,7.000000000000000666e-02,-6.377701163291931152e-01
8.989898989898992276e-01,7.000000000000000666e-02,-5.824930667877197266e-01
9.191919191919193377e-01,7.000000000000000666e-02,-5.081632733345031738e-01
9.393939393939394478e-01,7.000000000000000666e-02,-4.122000634670257568e-01
9.595959595959597799e-01,7.000000000000000666e-02,-2.926638126373291016e-01
9.797979797979798899e-01,7.000000000000000666e-02,-1.511418074369430542e-01
1.000000000000000000e+00,7.000000000000000666e-02,2.472213003784418106e-03
-1.000000000000000000e+00,8.000000000000000167e-02,2.434900496155023575e-03
-9.797979797979797789e-01,8.000000000000000167e-02,1.616397351026535034e-01
-9.595959595959595578e-01,8.000000000000000167e-02,3.086397647857666016e-01
-9.393939393939394478e-01,8.000000000000000167e-02,4.321141839027404785e-01
-9.191919191919192267e-01,8.000000000000000167e-02,5.283581614494323730e-01
-8.989898989898990056e-01,8.000000000000000167e-02,6.002638936042785645e-01
-8.787878787878787845e-01,8.000000000000000167e-02,6.530264616012573242e-01
-8.585858585858585634e-01,8.000000000000000167e-02,6.905423998832702637e-01
-8.383838383838383423e-01,8.000000000000000167e-02,7.145932316780090332e-01
-8.181818181818181213e-01,8.000000000000000167e-02,7.259632945060729980e-01
-7.979797979797980112e-01,8.000000000000000167e-02,7.255044579505920410e-01
-7.777777777777777901e-01,8.000000000000000167e-02,7.143238186836242676e-01
-7.575757575757575690e-01,8.000000000000000167e-02,6.935033202171325684e-01
-7.373737373737373479e-01,8.000000000000000167e-02,6.638731360435485840e-01
-7.171717171717171269e-01,8.000000000000000167e-02,6.259977221488952637e-01
-6.969696969696970168e-01,8.000000000000000167e-02,5.803291201591491699e-01
-6.767676767676766847e-01,8.000000000000000167e-02,5.274653434753417969e-01
-6.565656565656565746e-01,8.000000000000000167e-02,4.684461057186126709e-01
-6.363636363636363535e-01,8.000000000000000167e-02,4.049310386180877686e-01
-6.161616161616161325e-01,8.000000000000000167e-02,3.390514850616455078e-01
-5.959595959595959114e-01,8.000000000000000167e-02,2.728888094425201416e-01
-5.757575757575756903e-01,8.000000000000000167e-02,2.080264538526535034e-01
-5.555555555555555802e-01,8.000000000000000167e-02,1.457269638776779175e-01
-5.353535353535352481e-01,8.000000000000000167e-02,8.744245022535324097e-02
-5.151515151515151381e-01,8.000000000000000167e-02,3.480695933103561401e-02
-4.949494949494949170e-01,8.000000000000000167e-02,-1.088810898363590240e-02
-4.747474747474746959e-01,8.000000000000000167e-02,-4.904884845018386841e-02
-4.545454545454544748e-01,8.000000000000000167e-02,-7.970971614122390747e-02
-4.343434343434342537e-01,8.000000000000000167e-02,-1.032561734318733215e-01
-4.141414141414141437e-01,8.000000000000000167e-02,-1.201898530125617981e-01
-3.939393939393939226e-01,8.000000000000000167e-02,-1.310191899538040161e-01
-3.737373737373737015e-01,8.000000000000000167e-02,-1.362517625093460083e-01
-3.535353535353534804e-01,8.000000000000000167e-02,-1.364361792802810669e-01
-3.333333333333332593e-01,8.000000000000000167e-02,-1.322075873613357544e-01
-3.131313131313130382e-01,8.000000000000000167e-02,-1.243092492222785950e-01
-2.929292929292928171e-01,8.000000000000000167e-02,-1.135786250233650208e-01
-2.727272727272727071e-01,8.000000000000000167e-02,-1.009029224514961243e-01
-2.525252525252524860e-01,8.000000000000000167e-02,-8.715999871492385864e-02
-2.323232323232322649e-01,8.000000000000000167e-02,-7.315266877412796021e-02
-2.121212121212120438e-01,8.000000000000000167e-02,-5.956435948610305786e-02
-1.919191919191918227e-01,8.000000000000000167e-02,-4.692948609590530396e-02
-1.717171717171716017e-01,8.000000000000000167e-02,-3.562802821397781372e-02
-1.515151515151514916e-01,8.000000000000000167e-02,-2.589310146868228912e-02
-1.313131313131312705e-01,8.000000000000000167e-02,-1.782823540270328522e-02
-1.111111111111110494e-01,8.000000000000000167e-02,-1.143343187868595123e-02
-9.090909090909082835e-02,8.000000000000000167e-02,-6.621786858886480331e-03
-7.070707070707060726e-02,8.000000000000000167e-02,-3.243276383727788925e-03
-5.050505050505038618e-02,8.000000000000000167e-02,-1.096197869628667831e-03
-3.030303030303027612e-02,8.000000000000000167e-02,6.287399446591734886e-05
-1.010101010101005503e-02,8.000000000000000167e-02,5.191475502215325832e-04
1.010101010101016605e-02,8.000000000000000167e-02,6.045610061846673489e-04
3.030303030303049816e-02,8.000000000000000167e-02,7.029086700640618801e-04
5.050505050505060822e-02,8.000000000000000167e-02,1.255741808563470840e-03
7.070707070707071829e-02,8.000000000000000167e-02,2.750328276306390762e-03
9.090909090909105039e-02,8.000000000000000167e-02,5.678466055542230606e-03
1.111111111111111605e-01,8.000000000000000167e-02,1.045327447354793549e-02
1.313131313131314926e-01,8.000000000000000167e-02,1.729201339185237885e-02
1.515151515151516026e-01,8.000000000000000167e-02,2.611755393445491791e-02
1.717171717171717127e-01,8.000000000000000167e-02,3.657548874616622925e-02
1.919191919191920448e-01,8.000000000000000167e-02,4.820691794157028198e-02
2.121212121212121549e-01,8.000000000000000167e-02,6.066494435071945190e-02
2.323232323232324870e-01,8.000000000000000167e-02,7.376300543546676636e-02
2.525252525252525970e-01,8.000000000000000167e-02,8.729713410139083862e-02
2.727272727272729291e-01,8.000000000000000167e-02,1.008157655596733093e-01
2.929292929292930392e-01,8.000000000000000167e-02,1.135443374514579773e-01
3.131313131313131493e-01,8.000000000000000167e-02,1.244857832789421082e-01
3.333333333333334814e-01,8.000000000000000167e-02,1.325909942388534546e-01
3.535353535353535914e-01,8.000000000000000167e-02,1.369023174047470093e-01
3.737373737373739235e-01,8.000000000000000167e-02,1.366280168294906616e-01
3.939393939393940336e-01,8.000000000000000167e-02,1.311459988355636597e-01
4.141414141414143657e-01,8.000000000000000167e-02,1.199595257639884949e-01
4.343434343434344758e-01,8.000000000000000167e-02,1.026327535510063171e-01
4.545454545454545858e-01,8.000000000000000167e-02,7.874327152967453003e-02
4.747474747474749179e-01,8.000000000000000167e-02,4.789047688245773315e-02
4.949494949494950280e-01,8.000000000000000167e-02,9.775152429938316345e-03
5.151515151515153601e-01,8.000000000000000167e-02,-3.565407544374465942e-02
5.353535353535354702e-01,8.000000000000000167e-02,-8.803416043519973755e-02
5.555555555555555802e-01,8.000000000000000167e-02,-1.464573293924331665e-01
5.757575757575759123e-01,8.000000000000000167e-02,-2.094606906175613403e-01
5.959595959595960224e-01,8.000000000000000167e-02,-2.751764059066772461e-01
6.161616161616163545e-01,8.000000000000000167e-02,-3.416305482387542725e-01
6.363636363636364646e-01,8.000000000000000167e-02,-4.070176780223846436e-01
6.565656565656567967e-01,8.000000000000000167e-02,-4.697728753089904785e-01
6.767676767676769067e-01,8.000000000000000167e-02,-5.284301042556762695e-01
6.969696969696970168e-01,8.000000000000000167e-02,-5.815190076828002930e-01
7.171717171717173489e-01,8.000000000000000167e-02,-6.276599764823913574e-01
7.373737373737374590e-01,8.000000000000000167e-02,-6.657578349113464355e-01
7.575757575757577911e-01,8.000000000000000167e-02,-6.950806975364685059e-01
7.777777777777779011e-01,8.000000000000000167e-02,-7.151539921760559082e-01
7.979797979797982332e-01,8.000000000000000167e-02,-7.255529761314392090e-01
8.181818181818183433e-01,8.000000000000000167e-02,-7.256855964660644531e-01
8.383838383838384534e-01,8.000000000000000167e-02,-7.146149873733520508e-01
8.585858585858587855e-01,8.000000000000000167e-02,-6.909512281417846680e-01
8.787878787878788955e-01,8.000000000000000167e-02,-6.528130173683166504e-01
8.989898989898992276e-01,8.000000000000000167e-02,-5.978447198867797852e-01
9.191919191919193377e-01,8.000000000000000167e-02,-5.232643485069274902e-01
9.393939393939394478e-01,8.000000000000000167e-02,-4.260034859180450439e-01
9.595959595959597799e-01,8.000000000000000167e-02,-3.035337328910827637e-01
9.797979797979798899e-01,8.000000000000000167e-02,-1.571398824453353882e-01
1.000000000000000000e+00,8.000000000000000167e-02,2.575925085693597794e-03
-1.000000000000000000e+00,8.999999999999999667e-02,2.614846918731927872e-03
-9.797979797979797789e-01,8.999999999999999667e-02,1.679814904928207397e-01
-9.595959595959595578e-01,8.999999999999999667e-02,3.198154270648956299e-01
-9.393939393939394478e-01,8.999999999999999667e-02,4.461871385574340820e-01
-9.191919191919192267e-01,8.999999999999999667e-02,5.436117649078369141e-01
-8.989898989898990056e-01,8.999999999999999667e-02,6.156081557273864746e-01
-8.787878787878787845e-01,8.999999999999999667e-02,6.679336428642272949e-01
-8.585858585858585634e-01,8.999999999999999667e-02,7.048407793045043945e-01
-8.383838383838383423e-01,8.999999999999999667e-02,7.283486723899841309e-01
-8.181818181818181213e-01,8.999999999999999667e-02,7.394228577613830566e-01
-7.979797979797980112e-01,8.999999999999999667e-02,7.389981150627136230e-01
-7.777777777777777901e-01,8.999999999999999667e-02,7.281360626220703125e-01
-7.575757575757575690e-01,8.999999999999999667e-02,7.077883481979370117e-01
-7.373737373737373479e-01,8.999999999999999667e-02,6.786379218101501465e-01
-7.171717171717171269e-01,8.999999999999999667e-02,6.411303877830505371e-01
-6.969696969696970168e-01,8.999999999999999667e-02,5.956305265426635742e-01
-6.767676767676766847e-01,8.999999999999999667e-02,5.426587462425231934e-01
-6.565656565656565746e-01,8.999999999999999667e-02,4.831580221652984619e-01
-6.363636363636363535e-01,8.999999999999999667e-02,4.186815321445465088e-01
-6.161616161616161325e-01,8.999999999999999667e-02,3.513095378875732422e-01
-5.959595959595959114e-01,8.999999999999999667e-02,2.831979393959045410e-01
-5.757575757575756903e-01,8.999999999999999667e-02,2.161180227994918823e-01
-5.555555555555555802e-01,8.999999999999999667e-02,1.515191048383712769e-01
-5.353535353535352481e-01,8.999999999999999667e-02,9.097658842802047729e-02
-5.151515151515151381e-01,8.999999999999999667e-02,3.622549027204513550e-02
-4.949494949494949170e-01,8.999999999999999667e-02,-1.134062744677066803e-02
-4.747474747474746959e-01,8.999999999999999667e-02,-5.105764418840408325e-02
-4.545454545454544748e-01,8.999999999999999667e-02,-8.294070512056350708e-02
-4.343434343434342537e-01,8.999999999999999667e-02,-1.073992922902107239e-01
-4.141414141414141437e-01,8.999999999999999667e-02,-1.249747946858406067e-01
-3.939393939393939226e-01,8.999999999999999667e-02,-1.362162381410598755e-01
-3.737373737373737015e-01,8.999999999999999667e-02,-1.416600495576858521e-01
-3.535353535353534804e-01,8.999999999999999667e-02,-1.418745666742324829e-01
-3.333333333333332593e-01,8.999999999999999667e-02,-1.375100165605545044e-01
-3.131313131313130382e-01,8.999999999999999667e-02,-1.293276101350784302e-01
-2.929292929292928171e-01,8.999999999999999667e-02,-1.181871965527534485e-01
-2.727272727272727071e-01,8.999999999999999667e-02,-1.050089076161384583e-01
-2.525252525252524860e-01,8.999999999999999667e-02,-9.070581942796707153e-02
-2.323232323232322649e-01,8.999999999999999667e-02,-7.612103968858718872e-02
-2.121212121212120438e-01,8.999999999999999667e-02,-6.197208911180496216e-02
-1.919191919191918227e-01,8.999999999999999667e-02,-4.882109910249710083e-02
-1.717171717171716017e-01,8.999999999999999667e-02,-3.706432133913040161e-02
-1.515151515151514916e-01,8.999999999999999667e-02,-2.694262005388736725e-02
-1.313131313131312705e-01,8.999999999999999667e-02,-1.856238581240177155e-02
-1.111111111111110494e-01,8.999999999999999667e-02,-1.191634871065616608e-02
-9.090909090909082835e-02,8.999999999999999667e-02,-6.912478711456060410e-03
-7.070707070707060726e-02,8.999999999999999667e-02,-3.392645623534917831e-03
-5.050505050505038618e-02,8.999999999999999667e-02,-1.147875096648931503e-03
-3.030303030303027612e-02,8.999999999999999667e-02,7.133785402402281761e-05
-1.010101010101005503e-02,8.999999999999999667e-02,5.578309646807610989e-04
1.010101010101016605e-02,8.999999999999999667e-02,6.517678848467767239e-04
3.030303030303049816e-02,8.999999999999999667e-02,7.514864555560052395e-04
5.050505050505060822e-02,8.999999999999999667e-02,1.316478941589593887e-03
7.070707070707071829e-02,8.999999999999999667e-02,2.859643194824457169e-03
9.090909090909105039e-02,8.999999999999999667e-02,5.901566240936517715e-03
1.111111111111111605e-01,8.999999999999999667e-02,1.087759993970394135e-02
1.313131313131314926e-01,8.999999999999999667e-02,1.801144145429134369e-02
1.515151515151516026e-01,8.999999999999999667e-02,2.721255086362361908e-02
1.717171717171717127e-01,8.999999999999999667e-02,3.810077160596847534e-02
1.919191919191920448e-01,8.999999999999999667e-02,5.019288510084152222e-02
2.121212121212121549e-01,8.999999999999999667e-02,6.313001364469528198e-02
2.323232323232324870e-01,8.999999999999999667e-02,7.672851532697677612e-02
2.525252525252525970e-01,8.999999999999999667e-02,9.079044312238693237e-02
2.727272727272729291e-01,8.999999999999999667e-02,1.048600599169731140e-01
2.929292929292930392e-01,8.999999999999999667e-02,1.181277558207511902e-01
3.131313131313131493e-01,8.999999999999999667e-02,1.295336931943893433e-01
3.333333333333334814e-01,8.999999999999999667e-02,1.379598230123519897e-01
3.535353535353535914e-01,8.999999999999999667e-02,1.424069255590438843e-01
3.737373737373739235e-01,8.999999999999999667e-02,1.420733779668807983e-01
3.939393939393940336e-01,8.999999999999999667e-02,1.363414973020553589e-01
4.141414141414143657e-01,8.999999999999999667e-02,1.247107312083244324e-01
4.343434343434344758e-01,8.999999999999999667e-02,1.067235395312309265e-01
4.545454545454545858e-01,8.999999999999999667e-02,8.192246407270431519e-02
4.747474747474749179e-01,8.999999999999999667e-02,4.986607283353805542e-02
4.949494949494950280e-01,8.999999999999999667e-02,1.022320054471492767e-02
5.151515151515153601e-01,8.999999999999999667e-02,-3.706426173448562622e-02
5.353535353535354702e-01,8.999999999999999667e-02,-9.158921986818313599e-02
5.555555555555555802e-01,8.999999999999999667e-02,-1.523382812738418579e-01
5.757575757575759123e-01,8.999999999999999667e-02,-2.176829129457473755e-01
5.959595959595960224e-01,8.999999999999999667e-02,-2.855738997459411621e-01
6.161616161616163545e-01,8.999999999999999667e-02,-3.538868725299835205e-01
6.363636363636364646e-01,8.999999999999999667e-02,-4.207264482975006104e-01
6.565656565656567967e-01,8.999999999999999667e-02,-4.844823181629180908e-01
6.767676767676769067e-01,8.999999999999999667e-02,-5.436765551567077637e-01
6.969696969696970168e-01,8.999999999999999667e-02,-5.968715548515319824e-01
7.171717171717173489e-01,8.999999999999999667e-02,-6.427817940711975098e-01
7.373737373737374590e-01,8.999999999999999667e-02,-6.804466843605041504e-01
7.575757575757577911e-01,8.999999999999999667e-02,-7.092773318290710449e-01
7.777777777777779011e-01,8.999999999999999667e-02,-7.289269566535949707e-01
7.979797979797982332e-01,8.999999999999999667e-02,-7.390746474266052246e-01
8.181818181818183433e-01,8.999999999999999667e-02,-7.392011284828186035e-01
8.383838383838384534e-01,8.999999999999999667e-02,-7.283977270126342773e-01
8.585858585858587855e-01,8.999999999999999667e-02,-7.052333354949951172e-01
8.787878787878788955e-01,8.999999999999999667e-02,-6.676873564720153809e-01
8.989898989898992276e-01,8.999999999999999667e-02,-6.131530404090881348e-01
9.191919191919193377e-01,8.999999999999999667e-02,-5.384725928306579590e-01
9.393939393939394478e-01,8.999999999999999667e-02,-4.400480091571807861e-01
9.595959595959597799e-01,8.999999999999999667e-02,-3.146941661834716797e-01
9.797979797979798899e-01,8.999999999999999667e-02,-1.633353978395462036e-01
1.000000000000000000e+00,8.999999999999999667e-02,2.685359213501214981e-03
-1.000000000000000000e+00,1.000000000000000056e-01,2.851447556167840958e-03
-9.797979797979797789e-01,1.000000000000000056e-01,1.744880229234695435e-01
-9.595959595959595578e-01,1.000000000000000056e-01,3.311376869678497314e-01
-9.393939393939394478e-01,1.000000000000000056e-01,4.603411853313446045e-01
-9.191919191919192267e-01,1.000000000000000056e-01,5.588930249214172363e-01
-8.989898989898990056e-01,1.000000000000000056e-01,6.309338212013244629e-01
-8.787878787878787845e-01,1.000000000000000056e-01,6.827571988105773926e-01
-8.585858585858585634e-01,1.000000000000000056e-01,7.189694643020629883e-01
-8.383838383838383423e-01,1.000000000000000056e-01,7.418534159660339355e-01
-8.181818181818181213e-01,1.000000000000000056e-01,7.525770068168640137e-01
-7.979797979797980112e-01,1.000000000000000056e-01,7.521613240242004395e-01
-7.777777777777777901e-01,1.000000000000000056e-01,7.416214942932128906e-01
-7.575757575757575690e-01,1.000000000000000056e-01,7.217803001403808594e-01
-7.373737373737373479e-01,1.000000000000000056e-01,6.931759715080261230e-01
-7.171717171717171269e-01,1.000000000000000056e-01,6.561322808265686035e-01
-6.969696969696970168e-01,1.000000000000000056e-01,6.109180450439453125e-01
-6.767676767676766847e-01,1.000000000000000056e-01,5.579622983932495117e-01
-6.565656565656565746e-01,1.000000000000000056e-01,4.980974197387695312e-01
-6.363636363636363535e-01,1.000000000000000056e-01,4.327533841133117676e-01
-6.161616161616161325e-01,1.000000000000000056e-01,3.639370203018188477e-01
-5.959595959595959114e-01,1.000000000000000056e-01,2.938651740550994873e-01
-5.757575757575756903e-01,1.000000000000000056e-01,2.245015352964401245e-01
-5.555555555555555802e-01,1.000000000000000056e-01,1.575116962194442749e-01
-5.353535353535352481e-01,1.000000000000000056e-01,9.461944550275802612e-02
-5.151515151515151381e-01,1.000000000000000056e-01,3.767203539609909058e-02
-4.949494949494949170e-01,1.000000000000000056e-01,-1.183576323091983795e-02
-4.747474747474746959e-01,1.000000000000000056e-01,-5.316681414842605591e-02
-4.545454545454544748e-01,1.000000000000000056e-01,-8.631569892168045044e-02
-4.343434343434342537e-01,1.000000000000000056e-01,-1.117139533162117004e-01
-4.141414141414141437e-01,1.000000000000000056e-01,-1.299484521150588989e-01
-3.939393939393939226e-01,1.000000000000000056e-01,-1.416102200746536255e-01
-3.737373737373737015e-01,1.000000000000000056e-01,-1.472690254449844360e-01
-3.535353535353534804e-01,1.000000000000000056e-01,-1.475147157907485962e-01
-3.333333333333332593e-01,1.000000000000000056e-01,-1.430122405290603638e-01
-3.131313131313130382e-01,1.000000000000000056e-01,-1.345383077859878540e-01
-2.929292929292928171e-01,1.000000000000000056e-01,-1.229761913418769836e-01
-2.727272727272727071e-01,1.000000000000000056e-01,-1.092765405774116516e-01
-2.525252525252524860e-01,1.000000000000000056e-01,-9.439266473054885864e-02
-2.323232323232322649e-01,1.000000000000000056e-01,-7.920677214860916138e-02
-2.121212121212120438e-01,1.000000000000000056e-01,-6.447393447160720825e-02
-1.919191919191918227e-01,1.000000000000000056e-01,-5.078453570604324341e-02
-1.717171717171716017e-01,1.000000000000000056e-01,-3.855330497026443481e-02
-1.515151515151514916e-01,1.000000000000000056e-01,-2.803022600710391998e-02
-1.313131313131312705e-01,1.000000000000000056e-01,-1.932043768465518951e-02
-1.111111111111110494e-01,1.000000000000000056e-01,-1.241380907595157623e-02
-9.090909090909082835e-02,1.000000000000000056e-01,-7.209727074950933456e-03
-7.070707070707060726e-02,1.000000000000000056e-01,-3.543504979461431503e-03
-5.050505050505038618e-02,1.000000000000000056e-01,-1.199135091155767441e-03
-3.030303030303027612e-02,1.000000000000000056e-01,7.950369035825133324e-05
-1.010101010101005503e-02,1.000000000000000056e-01,5.925208679400384426e-04
1.010101010101016605e-02,1.000000000000000056e-01,6.901532760821282864e-04
3.030303030303049816e-02,1.000000000000000056e-01,7.848650566302239895e-04
5.050505050505060822e-02,1.000000000000000056e-01,1.358082983642816544e-03
7.070707070707071829e-02,1.000000000000000056e-01,2.950540278106927872e-03
9.090909090909105039e-02,1.000000000000000056e-01,6.112209055572748184e-03
1.111111111111111605e-01,1.000000000000000056e-01,1.130216382443904877e-02
1.313131313131314926e-01,1.000000000000000056e-01,1.874660514295101166e-02
1.515151515151516026e-01,1.000000000000000056e-01,2.833860181272029877e-02
1.717171717171717127e-01,1.000000000000000056e-01,3.966968506574630737e-02
1.919191919191920448e-01,1.000000000000000056e-01,5.223535746335983276e-02
2.121212121212121549e-01,1.000000000000000056e-01,6.566994637250900269e-02
2.323232323232324870e-01,1.000000000000000056e-01,7.979249209165573120e-02
2.525252525252525970e-01,1.000000000000000056e-01,9.440761059522628784e-02
2.727272727272729291e-01,1.000000000000000056e-01,1.090471670031547546e-01
2.929292929292930392e-01,1.000000000000000056e-01,1.228646561503410339e-01
3.131313131313131493e-01,1.000000000000000056e-01,1.347407549619674683e-01
3.333333333333334814e-01,1.000000000000000056e-01,1.434963196516036987e-01
3.535353535353535914e-01,1.000000000000000056e-01,1.480908840894699097e-01
3.737373737373739235e-01,1.000000000000000056e-01,1.477066725492477417e-01
3.939393939393940336e-01,1.000000000000000056e-01,1.417255252599716187e-01
4.141414141414143657e-01,1.000000000000000056e-01,1.296418756246566772e-01
4.343434343434344758e-01,1.000000000000000056e-01,1.109778210520744324e-01
4.545454545454545858e-01,1.000000000000000056e-01,8.523868769407272339e-02
4.747474747474749179e-01,1.000000000000000056e-01,5.193959921598434448e-02
4.949494949494950280e-01,1.000000000000000056e-01,1.071291230618953705e-02
5.151515151515153601e-01,1.000000000000000056e-01,-3.850627690553665161e-02
5.353535353535354702e-01,1.000000000000000056e-01,-9.526396542787551880e-02
5.555555555555555802e-01,1.000000000000000056e-01,-1.584257632493972778e-01
5.757575757575759123e-01,1.000000000000000056e-01,-2.261813431978225708e-01
5.959595959595960224e-01,1.000000000000000056e-01,-2.962838411331176758e-01
6.161616161616163545e-01,1.000000000000000056e-01,-3.664516508579254150e-01
6.363636363636364646e-01,1.000000000000000056e-01,-4.346975982189178467e-01
6.565656565656567967e-01,1.000000000000000056e-01,-4.993706345558166504e-01
6.767676767676769067e-01,1.000000000000000056e-01,-5.589950680732727051e-01
6.969696969696970168e-01,1.000000000000000056e-01,-6.121891140937805176e-01
7.171717171717173489e-01,1.000000000000000056e-01,-6.577788591384887695e-01
7.373737373737374590e-01,1.000000000000000056e-01,-6.949482560157775879e-01
7.575757575757577911e-01,1.000000000000000056e-01,-7.232483625411987305e-01
7.777777777777779011e-01,1.000000000000000056e-01,-7.424538135528564453e-01
7.979797979797982332e-01,1.000000000000000056e-01,-7.523384690284729004e-01
8.181818181818183433e-01,1.000000000000000056e-01,-7.524506449699401855e-01
8.383838383838384534e-01,1.000000000000000056e-01,-7.419134974479675293e-01
8.585858585858587855e-01,1.000000000000000056e-01,-7.192680835723876953e-01
8.787878787878788955e-01,1.000000000000000056e-01,-6.823735833168029785e-01
8.989898989898992276e-01,1.000000000000000056e-01,-6.283826828002929688e-01
9.191919191919193377e-01,1.000000000000000056e-01,-5.537481904029846191e-01
9.393939393939394478e-01,1.000000000000000056e-01,-4.542970657348632812e-01
9.595959595959597799e-01,1.000000000000000056e-01,-3.261201381683349609e-01
9.797979797979798899e-01,1.000000000000000056e-01,-1.697332412004470825e-01
1.000000000000000000e+00,1.000000000000000056e-01,2.747705671936273575e-03
